GEOID,NAME,variable,median_income,income_moe,tract_area_m2,solar_area_m2,solar_polygon_count,solar_fraction,solar_percent,residential_solar_m2,residential_polygon_count,residential_solar_percent
15003008702,Census Tract 87.02; Honolulu County; Hawaii,median_income,79091,18131,11807511.407659866,117434.0814124406,224,0.00994570975694826,0.994570975694826,117434.0814124406,224,0.994570975694826
15003002003,Census Tract 20.03; Honolulu County; Hawaii,median_income,64338,9032,1535402.8537538121,14765.929740421972,7,0.009616974271163856,0.9616974271163856,14765.929740421972,7,0.9616974271163856
15003006900,Census Tract 69; Honolulu County; Hawaii,median_income,108929,19006,11896857.53483987,228521.62749558108,624,0.01920857056801403,1.920857056801403,228521.62749558108,624,1.920857056801403
15003006301,Census Tract 63.01; Honolulu County; Hawaii,median_income,121500,9610,8060029.228733668,106388.86204378087,212,0.013199562808594913,1.3199562808594913,91680.2461476371,211,1.137467911664648
15003010901,Census Tract 109.01; Honolulu County; Hawaii,median_income,154877,5370,34857612.88864876,196345.57631387378,658,0.005632788938849364,0.5632788938849365,196345.57631387378,658,0.5632788938849365
15003001400,Census Tract 14; Honolulu County; Hawaii,median_income,132750,44533,5417412.882856124,97726.34683934522,319,0.018039301960647815,1.8039301960647816,97726.34683934522,319,1.8039301960647816
15003011202,Census Tract 112.02; Honolulu County; Hawaii,median_income,174375,60879,13869867.518998487,80286.14434203749,284,0.0057885300080959086,0.5788530008095909,80286.14434203749,284,0.5788530008095909
15003005000,Census Tract 50; Honolulu County; Hawaii,median_income,69516,19667,5909288.019454422,115990.04964541552,136,0.01962843057633267,1.9628430576332672,83223.02692056865,133,1.4083427080654
15003007302,Census Tract 73.02; Honolulu County; Hawaii,median_income,118042,17609,35169216.24802016,183994.98480622974,321,0.005231705577646692,0.5231705577646693,183994.98480622974,321,0.5231705577646693
15003008407,Census Tract 84.07; Honolulu County; Hawaii,median_income,158060,34761,7747005.873969916,197464.16374219788,392,0.025489094361691545,2.5489094361691547,197464.16374219788,392,2.5489094361691547
15003002404,Census Tract 24.04; Honolulu County; Hawaii,median_income,64413,4162,1680163.341043039,9781.308799489823,17,0.00582164159909454,0.582164159909454,9781.308799489823,17,0.582164159909454
15003000122,Census Tract 1.22; Honolulu County; Hawaii,median_income,141226,26283,12729265.49090267,154748.56300595807,519,0.012156912204915006,1.2156912204915005,154748.56300595807,519,1.2156912204915005
15003006814,Census Tract 68.14; Honolulu County; Hawaii,median_income,84231,17799,877511.4238560768,46353.01451922748,6,0.05282326048307945,5.282326048307945,10182.840110895324,4,1.1604225123530063
15003004801,Census Tract 48.01; Honolulu County; Hawaii,median_income,96061,11625,32381953.16972391,146462.21865893083,255,0.004522958139407981,0.45229581394079815,108908.31256349693,252,0.33632410000926916
15003008946,Census Tract 89.46; Honolulu County; Hawaii,median_income,113030,18067,6303709.625680452,38654.44978065753,133,0.006132016237420674,0.6132016237420674,38654.44978065753,133,0.6132016237420674
15003006815,Census Tract 68.15; Honolulu County; Hawaii,median_income,86843,7981,927587.9742583543,15751.32016717271,7,0.01698094477751995,1.6980944777519948,5470.522347903,6,0.589757791143952
15003003701,Census Tract 37.01; Honolulu County; Hawaii,median_income,61505,25454,1869104.4067816339,10527.638376897019,10,0.005632450674611756,0.5632450674611756,2724.9642529963585,9,0.14578983619692007
15003008951,Census Tract 89.51; Honolulu County; Hawaii,median_income,138721,12674,2991814.138679452,126117.71006641025,363,0.042154259663361636,4.215425966336164,126117.71006641025,363,4.215425966336164
15003001905,Census Tract 19.05; Honolulu County; Hawaii,median_income,91875,37486,654125.3018789099,13049.280852549991,2,0.019949206696434504,1.9949206696434505,3833.0437025358237,1,0.5859800395315372
15003006811,Census Tract 68.11; Honolulu County; Hawaii,median_income,76893,6814,10171691.210432636,48291.00914820332,117,0.004747588984875342,0.4747588984875342,48291.00914820332,117,0.4747588984875342
15003008950,Census Tract 89.50; Honolulu County; Hawaii,median_income,134931,18358,4949737.635534587,122893.97490709138,342,0.02482838161457793,2.482838161457793,122893.97490709138,342,2.482838161457793
15003008302,Census Tract 83.02; Honolulu County; Hawaii,median_income,107474,23561,16543494.737486502,196627.6304565578,418,0.01188549539118915,1.188549539118915,187283.50280959628,417,1.132067352040339
15003007809,Census Tract 78.09; Honolulu County; Hawaii,median_income,168846,33068,26816078.307724033,184089.24626748727,574,0.006864883229941296,0.6864883229941295,184089.24626748727,574,0.6864883229941295
15003005800,Census Tract 58; Honolulu County; Hawaii,median_income,57955,25449,5538267.625965193,55966.39841951562,37,0.010105397969055706,1.0105397969055705,40775.92508827121,35,0.736257758601272
15003008913,Census Tract 89.13; Honolulu County; Hawaii,median_income,163688,22557,8811481.11858444,158382.41193016624,413,0.017974550452831285,1.7974550452831286,158382.41193016624,413,1.7974550452831286
15003008906,Census Tract 89.06; Honolulu County; Hawaii,median_income,119804,16028,17647886.88026696,110335.58359975598,405,0.006252056370733431,0.6252056370733431,110335.58359975598,405,0.6252056370733431
15003000700,Census Tract 7; Honolulu County; Hawaii,median_income,133679,16481,10274585.143068133,144653.83242560347,432,0.014078800303017181,1.407880030301718,144653.83242560347,432,1.407880030301718
15003002500,Census Tract 25; Honolulu County; Hawaii,median_income,69018,29613,4625680.487110468,56379.5460479151,73,0.01218837881367241,1.2188378813672411,56379.5460479151,73,1.2188378813672411
15003006302,Census Tract 63.02; Honolulu County; Hawaii,median_income,51603,8297,7178626.83906525,28305.052945275198,129,0.0039429620148581064,0.3942962014858106,28305.052945275198,129,0.3942962014858106
15003000114,Census Tract 1.14; Honolulu County; Hawaii,median_income,209107,82611,13567011.532653632,197139.8158200791,469,0.014530820980404934,1.4530820980404935,197139.8158200791,469,1.4530820980404935
15003002004,Census Tract 20.04; Honolulu County; Hawaii,median_income,66943,3794,1687941.0000614042,17988.56892980666,12,0.010657107641293309,1.0657107641293309,17988.56892980666,12,1.0657107641293309
15003008929,Census Tract 89.29; Honolulu County; Hawaii,median_income,99818,24709,14566659.266733214,110700.87518250642,336,0.007599606275909871,0.7599606275909871,101940.29914571458,335,0.6998193427817865
15003006817,Census Tract 68.17; Honolulu County; Hawaii,median_income,123811,10472,4920167.122346524,104312.07210599165,289,0.021200920520001196,2.12009205200012,104312.07210599165,289,2.12009205200012
15003003408,Census Tract 34.08; Honolulu County; Hawaii,median_income,76393,17867,982538.3829620103,2115.110845220757,8,0.002152700476539589,0.2152700476539589,2115.110845220757,8,0.2152700476539589
15003008632,Census Tract 86.32; Honolulu County; Hawaii,median_income,134088,24341,30461977.358033188,406466.64061480894,536,0.01334340958360731,1.334340958360731,215630.7430898434,529,0.7078685029387266
15003004202,Census Tract 42.02; Honolulu County; Hawaii,median_income,82222,37538,2363421.2908965535,30130.99415262708,17,0.012748888346180981,1.2748888346180982,30130.99415262708,17,1.2748888346180982
15003008937,Census Tract 89.37; Honolulu County; Hawaii,median_income,108587,32991,2764330.709917721,14918.813833581962,17,0.005396899068572738,0.5396899068572738,14918.813833581962,17,0.5396899068572738
15003011401,Census Tract 114.01; Honolulu County; Hawaii,median_income,83553,25516,30867210.28364189,32019.175456513443,25,0.0010373200286739887,0.10373200286739888,24103.563839198374,24,0.07808792442759908
15003009401,Census Tract 94.01; Honolulu County; Hawaii,median_income,103333,36914,10837312.436245393,46024.65797674377,130,0.004246870084026949,0.4246870084026949,46024.65797674377,130,0.4246870084026949
15003001501,Census Tract 15.01; Honolulu County; Hawaii,median_income,62221,29665,2396351.2089007744,34092.934734136994,120,0.01422701923136538,1.422701923136538,34092.934734136994,120,1.422701923136538
15003981700,Census Tract 9817; Honolulu County; Hawaii,median_income,57204,6065,60484808.56588577,191494.25689074708,231,0.0031659893026222186,0.31659893026222186,140362.6844106774,227,0.23206270754379776
15003007814,Census Tract 78.14; Honolulu County; Hawaii,median_income,162969,19887,16096934.905980516,213489.62264394917,683,0.013262749951522204,1.3262749951522204,213136.7981532968,682,1.3240831214028814
15003981803,Census Tract 9818.03; Honolulu County; Hawaii,median_income,49554,14619,39277267.08067672,161308.85873170572,337,0.004106926747229443,0.4106926747229443,143139.8726727536,335,0.36443440012957085
15003000119,Census Tract 1.19; Honolulu County; Hawaii,median_income,198000,34673,7913054.987304585,129269.69801462963,427,0.016336256758233726,1.6336256758233727,129269.69801462963,427,1.6336256758233727
15003010509,Census Tract 105.09; Honolulu County; Hawaii,median_income,105917,31506,4281296.981669416,44268.86183471708,111,0.010340058637430758,1.0340058637430758,44268.86183471708,111,1.0340058637430758
15003004701,Census Tract 47.01; Honolulu County; Hawaii,median_income,124500,21310,6594005.969402132,92037.11807744864,330,0.013957694079217448,1.3957694079217449,92037.11807744864,330,1.3957694079217449
15003008941,Census Tract 89.41; Honolulu County; Hawaii,median_income,158500,33170,7828880.194686188,60902.30735079673,226,0.007779184996614695,0.7779184996614695,60902.30735079673,226,0.7779184996614695
15003003414,Census Tract 34.14; Honolulu County; Hawaii,median_income,66520,18517,2720401.2526560677,34404.975943270925,38,0.012647022533782314,1.2647022533782315,27213.98808001876,37,1.0003666941944076
15003002403,Census Tract 24.03; Honolulu County; Hawaii,median_income,72987,6548,1096119.7629398743,25037.26674118354,21,0.022841725500899406,2.2841725500899406,25037.26674118354,21,2.2841725500899406
15003008413,Census Tract 84.13; Honolulu County; Hawaii,median_income,134500,37581,5097898.301152059,105531.53158950318,262,0.02070098800630339,2.0700988006303387,105531.53158950318,262,2.0700988006303387
15003002204,Census Tract 22.04; Honolulu County; Hawaii,median_income,68095,18486,563780.2430872478,2154.4148008444627,4,0.0038213733582555787,0.38213733582555787,2154.4148008444627,4,0.38213733582555787
15003009508,Census Tract 95.08; Honolulu County; Hawaii,median_income,77000,50093,7576483.771037553,25986.606480961964,48,0.003429903272584092,0.34299032725840917,25986.606480961964,48,0.34299032725840917
15003008947,Census Tract 89.47; Honolulu County; Hawaii,median_income,95530,8572,3049624.417056593,40522.57214139456,118,0.013287725503098424,1.3287725503098424,40522.57214139456,118,1.3287725503098424
15003003413,Census Tract 34.13; Honolulu County; Hawaii,median_income,67591,10026,1573136.1051629866,20627.775935606223,21,0.013112518279827453,1.3112518279827452,20627.775935606223,21,1.3112518279827452
15003000800,Census Tract 8; Honolulu County; Hawaii,median_income,122147,30234,12040500.597399907,258360.79516004212,493,0.02145764564106529,2.145764564106529,193691.66741142783,487,1.6086678942008
15003003501,Census Tract 35.01; Honolulu County; Hawaii,median_income,70009,13774,3214980.713943095,68638.16811314755,27,0.02134948051646771,2.134948051646771,24307.68084548939,24,0.7560754793977167
15003008609,Census Tract 86.09; Honolulu County; Hawaii,median_income,88427,22009,29318649.98418055,118199.14391816124,175,0.004031534329920985,0.40315343299209855,78210.16174807701,171,0.26675908266675585
15003005200,Census Tract 52; Honolulu County; Hawaii,median_income,33507,9171,2221426.375430543,11743.914550813824,9,0.005286654863156422,0.5286654863156423,11743.914550813824,9,0.5286654863156423
15003008909,Census Tract 89.09; Honolulu County; Hawaii,median_income,132083,27752,10689998.348367669,139996.6442763351,451,0.013096039841550788,1.3096039841550788,139996.6442763351,451,1.3096039841550788
15003000108,Census Tract 1.08; Honolulu County; Hawaii,median_income,171453,29125,15238079.987077776,159823.2397144344,418,0.010488410603564752,1.0488410603564753,152227.86360049128,417,0.9989963547217486
15003001201,Census Tract 12.01; Honolulu County; Hawaii,median_income,126875,20574,6124518.471755852,97207.74025254809,230,0.01587189926862599,1.587189926862599,86777.54951983185,228,1.4168877099484591
15003002006,Census Tract 20.06; Honolulu County; Hawaii,median_income,60266,8252,1748117.8396635472,3230.3727757433135,4,0.0018479147700735377,0.18479147700735377,3230.3727757433135,4,0.18479147700735377
15003007808,Census Tract 78.08; Honolulu County; Hawaii,median_income,73000,18838,20693230.599097695,105869.17095429148,115,0.00511612580004341,0.511612580004341,59368.19667134491,112,0.28689670463505873
15003002900,Census Tract 29; Honolulu County; Hawaii,median_income,120577,23727,12768793.841966858,120928.07113302151,260,0.009470594688087955,0.9470594688087955,103298.306618574,258,0.8089903235736032
15003002802,Census Tract 28.02; Honolulu County; Hawaii,median_income,109833,23619,17997968.126818962,74883.66055877156,321,0.004160673028817438,0.4160673028817438,74883.66055877156,321,0.4160673028817438
15003003605,Census Tract 36.05; Honolulu County; Hawaii,median_income,59006,21893,1654847.5369431328,8681.334691048236,9,0.005246002726682949,0.5246002726682949,8681.334691048236,9,0.5246002726682949
15003002301,Census Tract 23.01; Honolulu County; Hawaii,median_income,70165,12679,2314093.760669494,30160.68863865443,20,0.013033477360022177,1.3033477360022176,21471.695908564354,19,0.9278662893223629
15003006816,Census Tract 68.16; Honolulu County; Hawaii,median_income,155938,72337,2296440.4513113536,32513.402901889676,103,0.014158173743770845,1.4158173743770845,32513.402901889676,103,1.4158173743770845
15003002205,Census Tract 22.05; Honolulu County; Hawaii,median_income,76725,8249,1951597.3690621078,56859.27047932812,21,0.029134734131483975,2.9134734131483975,39700.779374862745,19,2.0342710030369644
15003008940,Census Tract 89.40; Honolulu County; Hawaii,median_income,108625,13061,13317650.741833955,292189.5413325955,301,0.021940021329344344,2.1940021329344344,109909.00836453814,299,0.8252882621353587
15003008949,Census Tract 89.49; Honolulu County; Hawaii,median_income,109782,53113,7770748.582072116,58550.410317530615,164,0.0075347194287835005,0.7534719428783501,58550.410317530615,164,0.7534719428783501
15003003503,Census Tract 35.03; Honolulu County; Hawaii,median_income,50250,34019,1997008.535171671,37273.32461881855,25,0.018664579526003068,1.866457952600307,29212.97650607294,24,1.4628368377785461
15003007813,Census Tract 78.13; Honolulu County; Hawaii,median_income,139000,34658,5635672.248154206,82323.09959569019,244,0.014607503057448493,1.4607503057448492,82323.09959569019,244,1.4607503057448492
15003009509,Census Tract 95.09; Honolulu County; Hawaii,median_income,88219,8152,8498739.274480416,21254.40307930754,64,0.0025008889428022795,0.25008889428022796,21254.40307930754,64,0.25008889428022796
15003000116,Census Tract 1.16; Honolulu County; Hawaii,median_income,115592,35904,12974712.040650211,42948.9189427076,109,0.0033102020922042186,0.33102020922042186,42948.9189427076,109,0.33102020922042186
15003008921,Census Tract 89.21; Honolulu County; Hawaii,median_income,143125,40982,9601571.332821807,93158.0833222585,255,0.009702378922480001,0.9702378922480002,93158.0833222585,255,0.9702378922480002
15003008707,Census Tract 87.07; Honolulu County; Hawaii,median_income,96765,32631,8801653.270763176,158477.85786840884,426,0.01800546476817389,1.800546476817389,158477.85786840884,426,1.800546476817389
15003004802,Census Tract 48.02; Honolulu County; Hawaii,median_income,119375,72504,5288384.818551563,94207.58739819583,265,0.017814056773576167,1.7814056773576166,94207.58739819583,265,1.7814056773576166
15003000904,Census Tract 9.04; Honolulu County; Hawaii,median_income,165313,29156,7095731.761964558,82302.0771863218,315,0.011598814603940898,1.15988146039409,82302.0771863218,315,1.15988146039409
15003006818,Census Tract 68.18; Honolulu County; Hawaii,median_income,81161,10342,804830.6893147588,12854.11007464903,6,0.015971197725565302,1.5971197725565303,12854.11007464903,6,1.5971197725565303
15003007807,Census Tract 78.07; Honolulu County; Hawaii,median_income,74049,18259,3902800.638975529,37365.68614080229,12,0.00957406990448035,0.9574069904480349,24279.496627690754,11,0.6221044545607134
15003001700,Census Tract 17; Honolulu County; Hawaii,median_income,129861,61986,14835428.755478028,74233.09002587161,189,0.005003771124475308,0.5003771124475308,67343.90681954495,188,0.4539397406676096
15003008628,Census Tract 86.28; Honolulu County; Hawaii,median_income,135990,8279,7057857.056339499,117249.07326210916,513,0.01661255992097401,1.661255992097401,117249.07326210916,513,1.661255992097401
15003004201,Census Tract 42.01; Honolulu County; Hawaii,median_income,87353,20021,429568.2328982748,7116.080326201853,1,0.016565657749387157,1.6565657749387157,0,0,0
15003008801,Census Tract 88.01; Honolulu County; Hawaii,median_income,131466,21608,4260713.528803332,84837.21314915326,245,0.019911503689613398,1.99115036896134,84837.21314915326,245,1.99115036896134
15003001202,Census Tract 12.02; Honolulu County; Hawaii,median_income,108103,23921,5360386.687203642,78851.62424794094,271,0.014710062696815544,1.4710062696815545,78851.62424794094,271,1.4710062696815545
15003006806,Census Tract 68.06; Honolulu County; Hawaii,median_income,165076,16118,5130999.121677511,89405.37151975099,317,0.01742455404874852,1.7424554048748522,89405.37151975099,317,1.7424554048748522
15003001602,Census Tract 16.02; Honolulu County; Hawaii,median_income,141292,13991,3281380.0712702633,60499.28833767218,186,0.01843714748784104,1.843714748784104,60499.28833767218,186,1.843714748784104
15003009510,Census Tract 95.10; Honolulu County; Hawaii,median_income,78657,26998,4092502.1589576127,50756.18825445259,83,0.012402238601965826,1.2402238601965825,50756.18825445259,83,1.2402238601965825
15003002206,Census Tract 22.06; Honolulu County; Hawaii,median_income,72628,14004,1141892.7879506443,2093.374971925687,17,0.0018332500161268805,0.18332500161268805,2093.374971925687,17,0.18332500161268805
15003007804,Census Tract 78.04; Honolulu County; Hawaii,median_income,124857,16248,4983878.01648304,61242.34828117363,217,0.01228809133743413,1.228809133743413,61242.34828117363,217,1.228809133743413
15003003604,Census Tract 36.04; Honolulu County; Hawaii,median_income,58816,18295,2046244.9354389473,26372.737403016265,21,0.012888358058346986,1.2888358058346987,26372.737403016265,21,1.2888358058346987
15003001101,Census Tract 11.01; Honolulu County; Hawaii,median_income,77411,51421,3704446.3218899746,39731.643893497574,93,0.010725393335764912,1.0725393335764912,39731.643893497574,93,1.0725393335764912
15003006100,Census Tract 61; Honolulu County; Hawaii,median_income,142448,25978,4999326.489199568,84685.81934359467,155,0.016939445648638474,1.6939445648638474,84685.81934359467,155,1.6939445648638474
15003008410,Census Tract 84.10; Honolulu County; Hawaii,median_income,150284,10361,20044403.926942967,278515.29763979284,1040,0.013894915441482528,1.389491544148253,241492.9193461059,1038,1.2047897269796075
15003008930,Census Tract 89.30; Honolulu County; Hawaii,median_income,161290,8875,11150967.791606251,156423.89586270732,485,0.014027831376255379,1.402783137625538,149496.2261216807,484,1.3406569628352085
15003000905,Census Tract 9.05; Honolulu County; Hawaii,median_income,178214,40110,9073393.885925341,111186.92290739711,368,0.012254171295249331,1.2254171295249332,102894.16251571057,367,1.1340206741748542
15003003504,Census Tract 35.04; Honolulu County; Hawaii,median_income,90746,18211,2498054.512048646,37356.10301805111,25,0.014954078398959956,1.4954078398959956,29502.93366719908,24,1.1810364235408068
15003006703,Census Tract 67.03; Honolulu County; Hawaii,median_income,159500,41507,20271686.194518704,103397.07472861586,303,0.005100566067196402,0.5100566067196401,103397.07472861586,303,0.5100566067196401
15003009301,Census Tract 93.01; Honolulu County; Hawaii,median_income,49000,17848,4413137.641935901,32614.059733389477,28,0.007390220378234735,0.7390220378234734,32614.059733389477,28,0.7390220378234734
15003001907,Census Tract 19.07; Honolulu County; Hawaii,median_income,85870,12862,697751.1788576611,303.62815055256874,2,4.35152472332129e-4,0.0435152472332129,303.62815055256874,2,0.0435152472332129
15003007701,Census Tract 77.01; Honolulu County; Hawaii,median_income,127308,26737,26425213.546083245,147535.48419630792,423,0.005583133091394665,0.5583133091394665,147535.48419630792,423,0.5583133091394665
15003008629,Census Tract 86.29; Honolulu County; Hawaii,median_income,111467,40236,2816978.28739652,11779.93041937224,114,0.0041817611701435485,0.41817611701435486,11779.93041937224,114,0.41817611701435486
15003006402,Census Tract 64.02; Honolulu County; Hawaii,median_income,162147,25946,27253440.249535047,85192.65330257422,259,0.003125941258150983,0.31259412581509827,85192.65330257422,259,0.31259412581509827
15003008002,Census Tract 80.02; Honolulu County; Hawaii,median_income,115859,32447,13396516.251427563,183989.70387376015,333,0.013734145536094415,1.3734145536094415,136846.68170962052,328,1.0215094666498674
15003004600,Census Tract 46; Honolulu County; Hawaii,median_income,165284,22882,74151217.42963073,185472.0738562694,478,0.002501268088177808,0.2501268088177808,162320.29638392612,476,0.21890442532244
15003981300,Census Tract 9813; Honolulu County; Hawaii,median_income,51000,31080,20525879.37667927,343062.03104608774,130,0.01671363378642193,1.6713633786421929,178276.76231236279,118,0.8685462826743204
15003000500,Census Tract 5; Honolulu County; Hawaii,median_income,184239,48512,30613670.52837895,348777.132676015,862,0.011392855762026241,1.1392855762026242,332574.88504565554,860,1.0863606986864178
15003008917,Census Tract 89.17; Honolulu County; Hawaii,median_income,137448,37671,21087936.850728057,261843.51376147254,843,0.012416744018864626,1.2416744018864625,240121.6292337812,842,1.1386681918363724
15003005300,Census Tract 53; Honolulu County; Hawaii,median_income,54392,23058,3744654.170530212,94033.2460377647,45,0.02511132984663584,2.511132984663584,60104.01898956816,42,1.605061943038065
15003003409,Census Tract 34.09; Honolulu County; Hawaii,median_income,79534,10923,864106.8548393806,6978.541195563981,7,0.008076016474676788,0.8076016474676787,6978.541195563981,7,0.8076016474676787
15003008633,Census Tract 86.33; Honolulu County; Hawaii,median_income,120795,17195,13016791.347596452,75456.96595015617,281,0.005796894483070076,0.5796894483070075,75456.96595015617,281,0.5796894483070075
15003009704,Census Tract 97.04; Honolulu County; Hawaii,median_income,93500,23166,61463046.29816762,537492.1525703709,251,0.008744964412647327,0.8744964412647327,90541.46255002003,238,0.14731040519987915
15003008912,Census Tract 89.12; Honolulu County; Hawaii,median_income,164286,47023,5256525.2338541215,101126.06911518394,246,0.01923819721512829,1.923819721512829,101126.06911518394,246,1.923819721512829
15003005500,Census Tract 55; Honolulu County; Hawaii,median_income,71034,27203,2303116.7487988593,37211.33180640087,52,0.016156945506912594,1.6156945506912594,25171.471549165068,51,1.0929307670700021
15003003900,Census Tract 39; Honolulu County; Hawaii,median_income,30341,14801,14969763.986258844,153031.29371965956,53,0.010222692479329078,1.0222692479329079,79511.55287026106,48,0.5311476716883906
15003005100,Census Tract 51; Honolulu County; Hawaii,median_income,72723,20616,2056321.7344022254,12021.33565654059,8,0.005846038319502179,0.5846038319502178,12021.33565654059,8,0.5846038319502178
15003006401,Census Tract 64.01; Honolulu County; Hawaii,median_income,145526,44260,2218651.0385421817,25513.618884576055,82,0.01149960874484362,1.1499608744843621,25513.618884576055,82,1.1499608744843621
15003006202,Census Tract 62.02; Honolulu County; Hawaii,median_income,40298,18303,1600960.7992978408,27096.367203602676,28,0.016925066007541702,1.6925066007541703,27096.367203602676,28,1.6925066007541703
15003007504,Census Tract 75.04; Honolulu County; Hawaii,median_income,45368,15514,11445041.542938497,101509.39180448561,171,0.008869289938673584,0.8869289938673584,63407.87107061853,169,0.554020453597573
15003008405,Census Tract 84.05; Honolulu County; Hawaii,median_income,140975,17806,11546638.575102579,209478.60149365367,675,0.018141955351866784,1.8141955351866783,202506.8105896477,674,1.7538161368132081
15003008928,Census Tract 89.28; Honolulu County; Hawaii,median_income,166150,9875,13507587.824917592,146029.22429654005,387,0.01081090318932877,1.0810903189328769,116638.13733076626,385,0.8635008622013373
15003008931,Census Tract 89.31; Honolulu County; Hawaii,median_income,204583,13523,774698082.2716852,5503571.498734759,1192,0.0071041501517550764,0.7104150151755076,1947494.940320285,951,0.251387603104625
15003009507,Census Tract 95.07; Honolulu County; Hawaii,median_income,61125,13179,18627546.783717796,2455.808558274147,1,1.318374655980331e-4,0.013183746559803311,2455.808558274147,1,0.013183746559803311
15003010000,Census Tract 100; Honolulu County; Hawaii,median_income,85306,4764,2050561556.8463573,1917284.2353355845,975,9.350044766684569e-4,0.09350044766684569,1474597.4216593436,941,0.07191188271017757
15003008942,Census Tract 89.42; Honolulu County; Hawaii,median_income,88846,15680,6703882.877981762,173507.8033778738,179,0.025881687752592298,2.5881687752592297,88431.68715154848,175,1.3191114576597627
15003008945,Census Tract 89.45; Honolulu County; Hawaii,median_income,79783,24482,46533374.8031861,264929.83417814155,201,0.005693329471560314,0.5693329471560313,119279.04874880526,188,0.2563301055496158
15003008934,Census Tract 89.34; Honolulu County; Hawaii,median_income,163125,14057,232585355.4738054,137449.69683629696,438,5.909645366807156e-4,0.059096453668071564,129037.83984944897,437,0.05547977841794157
15003005602,Census Tract 56.02; Honolulu County; Hawaii,median_income,115114,48642,8536665.681992592,115099.30184982187,178,0.013482934220162161,1.3482934220162162,105149.34630285416,177,1.2317378965028258
15003006813,Census Tract 68.13; Honolulu County; Hawaii,median_income,113523,27166,19856126.71107359,108463.288095148,296,0.00546245950549152,0.546245950549152,108463.288095148,296,0.546245950549152
15003009302,Census Tract 93.02; Honolulu County; Hawaii,median_income,116563,33983,9196064.909540001,61304.14295783197,202,0.006666345177080583,0.6666345177080583,61304.14295783197,202,0.6666345177080583
15003008704,Census Tract 87.04; Honolulu County; Hawaii,median_income,123438,33285,21189666.046282943,213425.33270435748,259,0.010072142347037896,1.0072142347037896,123795.43212683334,251,0.5842254986767446
15003008802,Census Tract 88.02; Honolulu County; Hawaii,median_income,152740,12242,11702280.01339732,182280.61219085337,350,0.015576504064350705,1.5576504064350705,165472.5371377863,349,1.4140196350484313
15003009402,Census Tract 94.02; Honolulu County; Hawaii,median_income,81280,21839,7982497.294707149,25472.117389410974,94,0.003190996056622586,0.3190996056622586,25472.117389410974,94,0.3190996056622586
15003008626,Census Tract 86.26; Honolulu County; Hawaii,median_income,95809,54351,25502755.956767216,137856.04709060257,494,0.005405535281139768,0.5405535281139768,137856.04709060257,494,0.5405535281139768
15003000120,Census Tract 1.20; Honolulu County; Hawaii,median_income,166215,18138,23903342.96818974,165804.24229074924,560,0.006936445772936422,0.6936445772936422,154672.1079834188,559,0.6470731235762899
15003007815,Census Tract 78.15; Honolulu County; Hawaii,median_income,167045,7415,214619850.5616494,72890.86540760052,267,3.396277893999496e-4,0.03396277893999496,72890.86540760052,267,0.03396277893999496
15003008418,Census Tract 84.18; Honolulu County; Hawaii,median_income,128469,6922,10468076.285905018,150413.1130430956,479,0.014368744450747152,1.4368744450747153,150413.1130430956,479,1.4368744450747153
15003007507,Census Tract 75.07; Honolulu County; Hawaii,median_income,132045,24919,241118107.512687,414665.9737692714,778,0.001719762891501016,0.1719762891501016,344762.2465709604,771,0.14298480115302825
15003008013,Census Tract 80.13; Honolulu County; Hawaii,median_income,133958,21195,7462222.784991604,99388.996859719,331,0.013318953309678066,1.3318953309678065,99388.996859719,331,1.3318953309678065
15003008623,Census Tract 86.23; Honolulu County; Hawaii,median_income,138723,31119,55635412.223897435,303139.9806828461,705,0.005448687599597517,0.5448687599597517,249176.88316459223,703,0.4478746057669394
15003010102,Census Tract 101.02; Honolulu County; Hawaii,median_income,100571,38897,223942411.43323696,102744.46628112803,144,4.587986064076068e-4,0.04587986064076068,58356.78288258627,141,0.026058834728581073
15003009202,Census Tract 92.02; Honolulu County; Hawaii,median_income,107944,28781,13194426.587124083,74938.01751413096,249,0.0056795205929797655,0.5679520592979765,74938.01751413096,249,0.5679520592979765
15003010101,Census Tract 101.01; Honolulu County; Hawaii,median_income,95313,34031,74278994.41174693,70579.09229164287,174,9.50189119421911e-4,0.0950189119421911,70579.09229164287,174,0.0950189119421911
15003008010,Census Tract 80.10; Honolulu County; Hawaii,median_income,131875,46438,5473477.087247117,97483.11885329687,351,0.017810089875122864,1.7810089875122865,97483.11885329687,351,1.7810089875122865
15003011600,Census Tract 116; Honolulu County; Hawaii,median_income,141607,51606,65001501.42348467,115613.95520581995,346,0.001778635149557473,0.1778635149557473,115613.95520581995,346,0.1778635149557473
15003008415,Census Tract 84.15; Honolulu County; Hawaii,median_income,142446,13161,6492555.989929515,210260.05430209832,551,0.03238478876858803,3.238478876858803,210260.05430209832,551,3.238478876858803
15003000121,Census Tract 1.21; Honolulu County; Hawaii,median_income,160718,18308,8597138.59248897,74469.35459374562,168,0.008662109350988826,0.8662109350988826,74469.35459374562,168,0.8662109350988826
15003000117,Census Tract 1.17; Honolulu County; Hawaii,median_income,140250,49267,9188667.924575068,46564.499962728776,105,0.0050676006952207015,0.5067600695220702,38342.7573537125,104,0.4172830890010172
15003005601,Census Tract 56.01; Honolulu County; Hawaii,median_income,24158,10407,1684360.7195367513,31354.673943741655,49,0.018615177604215986,1.8615177604215987,31354.673943741655,49,1.8615177604215987
15003003410,Census Tract 34.10; Honolulu County; Hawaii,median_income,73171,38061,744459.7737207877,16319.517573948557,16,0.021921288631062085,2.1921288631062086,16319.517573948557,16,2.1921288631062086
15003009203,Census Tract 92.03; Honolulu County; Hawaii,median_income,97534,13742,10487718.383459823,75888.13107001073,213,0.007235904731165729,0.7235904731165729,75888.13107001073,213,0.7235904731165729
15003940007,Census Tract 9400.07; Honolulu County; Hawaii,median_income,68333,31175,7933531.655759754,20816.114584397175,25,0.002623814397877224,0.26238143978772244,20816.114584397175,25,0.26238143978772244
15003006500,Census Tract 65; Honolulu County; Hawaii,median_income,122308,31015,104126803.8590743,88515.19813345157,263,8.500712098418814e-4,0.08500712098418814,88515.19813345157,263,0.08500712098418814
15003000118,Census Tract 1.18; Honolulu County; Hawaii,median_income,124859,37352,29676881.265477426,87420.05564893574,250,0.002945729197987859,0.2945729197987859,87420.05564893574,250,0.2945729197987859
15003001801,Census Tract 18.01; Honolulu County; Hawaii,median_income,57031,44099,1827156.535973992,9136.129811861061,6,0.005000189984812066,0.5000189984812066,9136.129811861061,6,0.5000189984812066
15003001000,Census Tract 10; Honolulu County; Hawaii,median_income,119271,27395,90336449.30953503,101388.98314082676,274,0.0011223485527244996,0.11223485527244996,94090.19448736146,273,0.10415529413267545
15003008005,Census Tract 80.05; Honolulu County; Hawaii,median_income,128894,12674,142328924.11101303,234915.38087692705,719,0.001650510480172666,0.16505104801726658,225347.59169071505,718,0.15832873964180993
15003010202,Census Tract 102.02; Honolulu County; Hawaii,median_income,118447,20230,364015804.7389421,102613.1529743026,148,2.8189202677035617e-4,0.02818920267703562,74269.68667679366,146,0.02040287419115139
15003011105,Census Tract 111.05; Honolulu County; Hawaii,median_income,149327,35128,12246677.333366603,161665.98882720282,317,0.013200804138665173,1.3200804138665174,135202.51661817657,314,1.103993458289388
15003005700,Census Tract 57; Honolulu County; Hawaii,median_income,61667,30717,54763295.39238985,853963.420596378,242,0.015593718648185087,1.5593718648185086,386812.6194322872,208,0.7063355421924451
15003000200,Census Tract 2; Honolulu County; Hawaii,median_income,150000,29885,110210587.77091756,281173.37306772347,923,0.002551237397010958,0.2551237397010958,281173.37306772347,923,0.2551237397010958
15003008918,Census Tract 89.18; Honolulu County; Hawaii,median_income,121530,11262,25468251.306689847,239624.94220964797,771,0.009408770917330502,0.9408770917330502,239624.94220964797,771,0.9408770917330502
15003011000,Census Tract 110; Honolulu County; Hawaii,median_income,171667,17679,266263806.92776832,297653.00861221604,736,0.0011178876019487054,0.11178876019487054,259825.16028229953,733,0.09758185435724073
15003005400,Census Tract 54; Honolulu County; Hawaii,median_income,33287,19213,888319.3283003195,28651.79869675187,91,0.032253940428801954,3.2253940428801955,28408.80209171819,90,3.1980393971697816
15003002702,Census Tract 27.02; Honolulu County; Hawaii,median_income,93944,19241,11193369.951100012,246444.08996578437,371,0.02201696996011156,2.201696996011156,184343.0233346353,366,1.6468947612735632
15003010702,Census Tract 107.02; Honolulu County; Hawaii,median_income,104591,15368,44503220.38727167,165029.48028290144,494,0.003708259286559437,0.3708259286559437,165029.48028290144,494,0.3708259286559437
15003003000,Census Tract 30; Honolulu County; Hawaii,median_income,181818,54670,16207894.815913295,204542.47670122585,749,0.01261992868440886,1.261992868440886,204542.47670122585,749,1.261992868440886
15003009100,Census Tract 91; Honolulu County; Hawaii,median_income,100547,17509,356646617.6235129,132656.29836410793,365,3.719544552197155e-4,0.03719544552197155,132656.29836410793,365,0.03719544552197155
15003010308,Census Tract 103.08; Honolulu County; Hawaii,median_income,142188,47253,107228106.11502244,168225.8593885315,511,0.0015688597466048447,0.15688597466048448,160026.07882590435,510,0.14923893056009596
15003011103,Census Tract 111.03; Honolulu County; Hawaii,median_income,158056,28533,34938559.14502445,264155.08401849074,779,0.007560560323109623,0.7560560323109623,264155.08401849074,779,0.7560560323109623
15003010905,Census Tract 109.05; Honolulu County; Hawaii,median_income,108618,15519,5902052.0918269865,119246.27624030107,266,0.020204205992256544,2.0204205992256545,102901.97774686528,265,1.7434949089887117
15003004500,Census Tract 45; Honolulu County; Hawaii,median_income,130000,37294,85298205.02525505,192662.66157484573,539,0.0022586953795546137,0.22586953795546136,180654.62592112942,538,0.21179182594480303
15003001803,Census Tract 18.03; Honolulu County; Hawaii,median_income,53793,17177,1392185.5214728217,11590.587756703437,8,0.008325462072354779,0.8325462072354779,11590.587756703437,8,0.8325462072354779
15003002401,Census Tract 24.01; Honolulu County; Hawaii,median_income,72539,11426,1825639.347224986,12677.750051252104,29,0.006944279586503532,0.6944279586503532,12677.750051252104,29,0.6944279586503532
15003009000,Census Tract 90; Honolulu County; Hawaii,median_income,91667,9516,72280091.22977325,114769.99668437635,253,0.0015878507446750547,0.15878507446750548,114769.99668437635,253,0.15878507446750548
15003009801,Census Tract 98.01; Honolulu County; Hawaii,median_income,65068,13573,587999620.0152034,40334.4747776465,175,6.859608986924789e-5,0.006859608986924789,40334.4747776465,175,0.006859608986924789
15003010303,Census Tract 103.03; Honolulu County; Hawaii,median_income,130132,29984,452809793.82478994,202351.98318943352,402,4.4688075644346936e-4,0.04468807564434694,169666.5862367961,401,0.037469725379316074
15003011201,Census Tract 112.01; Honolulu County; Hawaii,median_income,181346,39954,26998933.15373958,343162.9641238954,1128,0.012710241629542478,1.2710241629542478,343162.9641238954,1128,1.2710241629542478
15003011106,Census Tract 111.06; Honolulu County; Hawaii,median_income,136994,34472,41903191.43017118,322914.5733741827,1167,0.007706204762763664,0.7706204762763664,311216.78146080323,1166,0.7427042448053746
15003008926,Census Tract 89.26; Honolulu County; Hawaii,median_income,96250,10579,24893493.904463734,150288.05723724372,102,0.006037242414183373,0.6037242414183374,49598.85637027841,95,0.1992442545856718
15003000401,Census Tract 4.01; Honolulu County; Hawaii,median_income,175250,67522,66458956.07168173,170440.78385337142,560,0.002564602183482032,0.2564602183482032,170440.78385337142,560,0.2564602183482032
15003001300,Census Tract 13; Honolulu County; Hawaii,median_income,116875,27718,9987284.478475148,172515.46199056957,406,0.017273510368346803,1.7273510368346803,164601.05240911173,405,1.6481061770480672
15003010305,Census Tract 103.05; Honolulu County; Hawaii,median_income,128352,25699,43653771.37252444,165327.04903221302,460,0.0037872340426529424,0.3787234042652942,165327.04903221302,460,0.3787234042652942
15003008502,Census Tract 85.02; Honolulu County; Hawaii,median_income,90313,13972,212729133.53209537,1361140.0154305047,521,0.006398465470293205,0.6398465470293205,479780.5476826719,494,0.22553589144868363
15003008610,Census Tract 86.10; Honolulu County; Hawaii,median_income,131471,25086,25603720.69562559,35088.51830235914,89,0.0013704460660029787,0.13704460660029788,35088.51830235914,89,0.13704460660029788
15003000600,Census Tract 6; Honolulu County; Hawaii,median_income,175250,24886,33718914.04035194,138596.1115212675,345,0.004110337342282358,0.4110337342282358,138596.1115212675,345,0.4110337342282358
15003009608,Census Tract 96.08; Honolulu County; Hawaii,median_income,83214,11572,491579264.3961997,204621.5828285942,356,4.1625348676968337e-4,0.041625348676968335,150407.11285186594,354,0.030596716286763845
15003008630,Census Tract 86.30; Honolulu County; Hawaii,median_income,123571,32775,7788113.061811278,75861.29945131423,271,0.009740652048735308,0.9740652048735308,75861.29945131423,271,0.9740652048735308
15003009201,Census Tract 92.01; Honolulu County; Hawaii,median_income,77344,26888,14840405.92832655,56029.3393013525,191,0.0037754586749144626,0.37754586749144625,56029.3393013525,191,0.37754586749144625
15003002203,Census Tract 22.03; Honolulu County; Hawaii,median_income,84297,17591,2271802.3614333603,7234.989603431889,4,0.003184691470637912,0.3184691470637912,7234.989603431889,4,0.3184691470637912
15003009512,Census Tract 95.12; Honolulu County; Hawaii,median_income,85278,17655,28618084.164244354,100817.60873275275,122,0.003522863660409351,0.3522863660409351,81698.50570860536,120,0.28547859891571664
15003009609,Census Tract 96.09; Honolulu County; Hawaii,median_income,104055,11658,54347958.685415156,876120.5686297959,541,0.016120579131611655,1.6120579131611654,204227.274272798,521,0.37577726783619664
15003008952,Census Tract 89.52; Honolulu County; Hawaii,median_income,122150,22590,43310807.66225232,114763.98534751133,440,0.0026497770774091167,0.26497770774091167,114763.98534751133,440,0.26497770774091167
15003001502,Census Tract 15.02; Honolulu County; Hawaii,median_income,114531,16864,3621107.0573012116,49321.2167958422,192,0.013620480150233667,1.3620480150233667,49321.2167958422,192,1.3620480150233667
15003004101,Census Tract 41.01; Honolulu County; Hawaii,median_income,56071,15937,1712697.8190957133,15702.272847859036,25,0.009168151364932358,0.9168151364932358,15702.272847859036,25,0.9168151364932358
15003006819,Census Tract 68.19; Honolulu County; Hawaii,median_income,88065,17892,941096.8199063597,23478.656758515484,10,0.02494818414204358,2.494818414204358,23478.656758515484,10,2.494818414204358
15003009705,Census Tract 97.05; Honolulu County; Hawaii,median_income,69960,6334,14103710.46463288,171767.74813291873,397,0.012178904874972548,1.217890487497255,151218.68191956024,395,1.0721907706398486
15003003103,Census Tract 31.03; Honolulu County; Hawaii,median_income,137313,20534,48499337.60109996,60042.24179059686,202,0.0012380012750779323,0.12380012750779323,60042.24179059686,202,0.12380012750779323
15003003412,Census Tract 34.12; Honolulu County; Hawaii,median_income,99131,15723,1561663.2022623643,17691.77934347865,31,0.011328805928095613,1.1328805928095613,17691.77934347865,31,1.1328805928095613
15003008938,Census Tract 89.38; Honolulu County; Hawaii,median_income,86691,28624,3307351.689715422,61062.57571118383,77,0.018462679944520173,1.8462679944520173,53144.857973857565,76,1.606870480061658
15003008705,Census Tract 87.05; Honolulu County; Hawaii,median_income,66250,37421,8343037.676066492,24226.472114724027,27,0.0029037951229948333,0.29037951229948333,12562.622671091589,25,0.15057612297652373
15003009707,Census Tract 97.07; Honolulu County; Hawaii,median_income,73401,10191,213357620.7464593,625803.2428003912,448,0.0029331187731234413,0.29331187731234415,274473.6031469601,429,0.12864485561222447
15003010309,Census Tract 103.09; Honolulu County; Hawaii,median_income,171083,24296,96963508.89228505,178115.56203360783,447,0.001836933956582296,0.1836933956582296,178115.56203360783,447,0.1836933956582296
15003001601,Census Tract 16.01; Honolulu County; Hawaii,median_income,99750,12872,3359110.5658745477,50255.71269638703,135,0.01496101771907675,1.496101771907675,50255.71269638703,135,1.496101771907675
15003008634,Census Tract 86.34; Honolulu County; Hawaii,median_income,96250,24705,7055646.344839639,91653.47454234071,207,0.012990089080835841,1.299008908083584,82158.25687431333,206,1.1644327515706943
15003008706,Census Tract 87.06; Honolulu County; Hawaii,median_income,90625,33377,32308200.29613368,190978.0062822867,319,0.0059111310605914815,0.5911131060591481,133300.3238354424,313,0.4125897531079577
15003007508,Census Tract 75.08; Honolulu County; Hawaii,median_income,113583,6993,21420593.400790773,230391.83347353578,660,0.010755623299634198,1.0755623299634198,221833.68409796435,659,1.0356094247593302
15003002102,Census Tract 21.02; Honolulu County; Hawaii,median_income,62287,14293,4300713.941052076,41535.36154488314,41,0.009657782897023468,0.9657782897023468,41535.36154488314,41,0.9657782897023468
15003008627,Census Tract 86.27; Honolulu County; Hawaii,median_income,124110,8934,791695735.8587753,992808.0535067259,1565,0.001254027284143192,0.1254027284143192,460865.57161281473,1544,0.05821246101735038
15003008631,Census Tract 86.31; Honolulu County; Hawaii,median_income,101599,17229,46779417.638309725,114926.3944355658,375,0.0024567726628013323,0.24567726628013323,114926.3944355658,375,0.24567726628013323
15003981802,Census Tract 9818.02; Honolulu County; Hawaii,median_income,116103,30505,23159800.646620877,57518.83546502924,184,0.002483563496191903,0.2483563496191903,57518.83546502924,184,0.2483563496191903
15003008625,Census Tract 86.25; Honolulu County; Hawaii,median_income,86859,6448,7676456.82081511,57965.103130992036,192,0.007551023145706579,0.7551023145706579,57965.103130992036,192,0.7551023145706579
15003007002,Census Tract 70.02; Honolulu County; Hawaii,median_income,73934,8269,16343751.01638012,91805.56410242098,205,0.005617166096718625,0.5617166096718625,80416.5912869066,204,0.4920326503157754
15003940006,Census Tract 9400.06; Honolulu County; Hawaii,median_income,75208,21376,15823096.25292738,82507.1837200444,173,0.005214351376063962,0.5214351376063961,82507.1837200444,173,0.5214351376063961
15003010204,Census Tract 102.04; Honolulu County; Hawaii,median_income,122630,12431,146927532.6820255,32380.01507267434,84,2.2038085361951755e-4,0.022038085361951756,32380.01507267434,84,0.022038085361951756
15003008008,Census Tract 80.08; Honolulu County; Hawaii,median_income,101422,15576,5177541.245475389,59937.06761816885,191,0.011576357343468265,1.1576357343468264,59937.06761816885,191,1.1576357343468264
15003982000,Census Tract 9820; Honolulu County; Hawaii,median_income,162321,81642,45511329.91340333,89572.8434962522,240,0.00196814383729693,0.196814383729693,89572.8434962522,240,0.196814383729693
15003009906,Census Tract 99.06; Honolulu County; Hawaii,median_income,94500,32037,955476144.9663899,163056.2817916922,88,1.7065447698584658e-4,0.01706544769858466,55887.46800257536,85,0.00584917460231739
15003007817,Census Tract 78.17; Honolulu County; Hawaii,median_income,193854,104000,8141436.591538416,69460.60610471557,205,0.008531738265566987,0.8531738265566987,69460.60610471557,205,0.8531738265566987
15003009706,Census Tract 97.06; Honolulu County; Hawaii,median_income,94375,9613,42060915.925191976,375329.5582551288,310,0.008923475630504014,0.8923475630504014,105297.03064027344,302,0.2503441219101147
15003007816,Census Tract 78.16; Honolulu County; Hawaii,median_income,114914,17002,119741564.14356244,127629.31917753808,360,0.001065873158500909,0.1065873158500909,127629.31917753808,360,0.1065873158500909
15003006812,Census Tract 68.12; Honolulu County; Hawaii,median_income,101411,11980,5852530.191453761,81687.25958136407,187,0.013957597297088535,1.3957597297088535,66673.05415559595,185,1.1392176028917578
15003003801,Census Tract 38.01; Honolulu County; Hawaii,median_income,79180,18384,12779114.288501069,107479.22636661111,44,0.008410538002882039,0.8410538002882039,68546.99604810488,41,0.5363986462644362
15003008943,Census Tract 89.43; Honolulu County; Hawaii,median_income,174519,33789,5207282.5235038055,63559.5574644967,236,0.012205897640009285,1.2205897640009284,63559.5574644967,236,1.2205897640009284
15003009610,Census Tract 96.10; Honolulu County; Hawaii,median_income,118780,11172,20806259.44712018,141580.19732436375,423,0.006804692486133544,0.6804692486133544,141580.19732436375,423,0.6804692486133544
15003008932,Census Tract 89.32; Honolulu County; Hawaii,median_income,139356,15072,8727053.669883728,119512.19135251202,459,0.013694448994273722,1.3694448994273722,119512.19135251202,459,1.3694448994273722
15003008012,Census Tract 80.12; Honolulu County; Hawaii,median_income,105000,15307,8595738.521484105,87712.79683694523,262,0.010204218825144195,1.0204218825144196,87712.79683694523,262,1.0204218825144196
15003004102,Census Tract 41.02; Honolulu County; Hawaii,median_income,51406,10691,5520668.806199131,112792.89221767208,48,0.0204310195335423,2.04310195335423,47963.87890397599,42,0.868805584753021
15003004301,Census Tract 43.01; Honolulu County; Hawaii,median_income,84509,29851,10043283.966874002,54268.33646262309,102,0.005403445391130791,0.5403445391130791,54268.33646262309,102,0.5403445391130791
15003009511,Census Tract 95.11; Honolulu County; Hawaii,median_income,80030,9500,10148476.654579185,91029.17209103792,212,0.008969737546764108,0.8969737546764108,91029.17209103792,212,0.8969737546764108
15003010205,Census Tract 102.05; Honolulu County; Hawaii,median_income,114412,40686,333912429.84974706,20609.175800119083,57,6.17203013658184e-5,0.00617203013658184,20609.175800119083,57,0.00617203013658184
15003008944,Census Tract 89.44; Honolulu County; Hawaii,median_income,128224,30517,6993246.038393957,61998.663281345915,219,0.00886550579530079,0.886550579530079,61998.663281345915,219,0.886550579530079
15003003411,Census Tract 34.11; Honolulu County; Hawaii,median_income,103246,14049,626092.2306541092,11117.673545681057,14,0.017757245660221466,1.7757245660221466,11117.673545681057,14,1.7757245660221466
15003008001,Census Tract 80.01; Honolulu County; Hawaii,median_income,46739,26574,20372379.110616077,113526.83108628888,91,0.005572585826617073,0.5572585826617074,79443.80601607598,87,0.38995841175308626
15003010904,Census Tract 109.04; Honolulu County; Hawaii,median_income,138250,24221,10468205.702951515,156795.34436760808,579,0.014978244487820827,1.4978244487820827,156795.34436760808,579,1.4978244487820827
15003010505,Census Tract 105.05; Honolulu County; Hawaii,median_income,178235,52105,28004609.276206978,199518.92504441296,538,0.007124503080067124,0.7124503080067124,191401.69552291982,537,0.6834649740517422
15003000302,Census Tract 3.02; Honolulu County; Hawaii,median_income,176964,33177,18978185.39325985,147775.0960054233,440,0.007786576690198526,0.7786576690198526,147775.0960054233,440,0.7786576690198526
15003011300,Census Tract 113; Honolulu County; Hawaii,median_income,116581,27596,163228779.51946774,436299.9393121175,570,0.002672935131883906,0.2672935131883906,252382.56018780006,558,0.15461891029927063
15003003603,Census Tract 36.03; Honolulu County; Hawaii,median_income,51250,11502,1739941.5707588252,15212.846010726968,4,0.00874330854920164,0.874330854920164,7253.9728366866975,3,0.4169089904279422
15003007702,Census Tract 77.02; Honolulu County; Hawaii,median_income,142159,14097,67040303.58334977,282671.77805835364,865,0.004216445376129806,0.4216445376129806,274494.7352842163,864,0.4094473333387324
15003008301,Census Tract 83.01; Honolulu County; Hawaii,median_income,109561,10939,178551576.5216567,1097213.2365017403,300,0.006145077281738021,0.6145077281738021,124461.75116050235,293,0.06970633000566437
15003008408,Census Tract 84.08; Honolulu County; Hawaii,median_income,149041,8553,42709649.77348162,533086.9976346879,1641,0.01248165228378157,1.248165228378157,533086.9976346879,1641,1.248165228378157
15003011500,Census Tract 115; Honolulu County; Hawaii,median_income,121959,12966,47081069.86939615,523062.42659429356,1034,0.011109824565271762,1.1109824565271762,428940.0680016021,1026,0.9110669515189238
15003008411,Census Tract 84.11; Honolulu County; Hawaii,median_income,120573,20638,13969421.890945537,60818.13630592156,179,0.004353661646180335,0.4353661646180335,60818.13630592156,179,0.4353661646180335
15003003702,Census Tract 37.02; Honolulu County; Hawaii,median_income,97283,17906,2919429.5960773365,18465.9895475406,7,0.006325204612692922,0.6325204612692922,10460.630441070158,6,0.3583107623189641
15003010510,Census Tract 105.10; Honolulu County; Hawaii,median_income,118792,28869,9218169.016873647,98738.03160179651,283,0.010711241182609996,1.0711241182609996,91602.92781297381,282,0.9937215041869677
15003010203,Census Tract 102.03; Honolulu County; Hawaii,median_income,86953,14217,230283896.0587193,20382.28873584184,30,8.850939681272645e-5,0.008850939681272645,9873.499726740743,29,0.004287533733675903
15003940003,Census Tract 9400.03; Honolulu County; Hawaii,median_income,125938,15987,14238528.255965985,80922.39221832342,268,0.005683339651653724,0.5683339651653724,80922.39221832342,268,0.5683339651653724
15003000901,Census Tract 9.01; Honolulu County; Hawaii,median_income,116597,21532,9266622.906816937,52596.86372793084,152,0.005675947349625964,0.5675947349625964,52596.86372793084,152,0.5675947349625964
15003002005,Census Tract 20.05; Honolulu County; Hawaii,median_income,75048,4508,1281796.7481481854,2863.0558667776168,9,0.002233627032455715,0.2233627032455715,2863.0558667776168,9,0.2233627032455715
15003000110,Census Tract 1.10; Honolulu County; Hawaii,median_income,144449,27436,72050356.02270041,238761.93994611446,751,0.0033138204045916075,0.33138204045916075,228758.99897782409,750,0.3174987766968848
15003010602,Census Tract 106.02; Honolulu County; Hawaii,median_income,144861,29806,21974532.91068573,251030.5620484641,717,0.011423704115521542,1.1423704115521542,251030.5620484641,717,1.1423704115521542
15003002302,Census Tract 23.02; Honolulu County; Hawaii,median_income,68669,15814,1619863.2464506668,9651.060962980298,24,0.005957947983650497,0.5957947983650497,9651.060962980298,24,0.5957947983650497
15003009803,Census Tract 98.03; Honolulu County; Hawaii,median_income,87688,43609,9104514.553209748,68086.80690058369,206,0.0074783566441310205,0.747835664413102,68086.80690058369,206,0.747835664413102
15003008414,Census Tract 84.14; Honolulu County; Hawaii,median_income,154400,16207,18378022.81548893,81271.76559429083,303,0.0044222257426840975,0.4422225742684098,81271.76559429083,303,0.4422225742684098
15003008416,Census Tract 84.16; Honolulu County; Hawaii,median_income,142868,32774,2768409.561233951,33387.9033262372,131,0.012060319323328504,1.2060319323328506,33387.9033262372,131,1.2060319323328506
15003003802,Census Tract 38.02; Honolulu County; Hawaii,median_income,124417,27903,3149471.4844931313,91962.46298017807,35,0.029199331834870796,2.9199331834870796,48388.92009927189,31,1.5364139773140222
15003006000,Census Tract 60; Honolulu County; Hawaii,median_income,94621,35361,7751838.829671901,186524.8032766535,140,0.02406200739915902,2.406200739915902,146423.21223168337,136,1.8888835984465482
15003011104,Census Tract 111.04; Honolulu County; Hawaii,median_income,178722,23431,21056893.072066426,299008.275846425,904,0.014200018721806696,1.4200018721806695,299008.275846425,904,1.4200018721806695
15003005900,Census Tract 59; Honolulu County; Hawaii,median_income,65947,12629,28242093.90953669,291857.1564869811,104,0.010334118901446886,1.0334118901446885,162839.6719766389,94,0.5765849816172864
15003010701,Census Tract 107.01; Honolulu County; Hawaii,median_income,159688,68161,32379313.446042445,156656.81007917467,514,0.004838175779737604,0.48381757797376035,149604.80118967316,513,0.46203821288236296
15003010503,Census Tract 105.03; Honolulu County; Hawaii,median_income,119327,29469,14625133.083416278,127494.70156780205,138,0.00871750710510599,0.8717507105105989,65592.0790087225,133,0.44848876680034205
15003940004,Census Tract 9400.04; Honolulu County; Hawaii,median_income,133958,28360,69344126.66544937,81047.40645047574,218,0.0011687710314889225,0.11687710314889224,81047.40645047574,218,0.11687710314889224
15003009905,Census Tract 99.05; Honolulu County; Hawaii,median_income,91576,13296,34824071.336914465,39073.00670665025,49,0.0011220114480190546,0.11220114480190546,39073.00670665025,49,0.11220114480190546
15003004702,Census Tract 47.02; Honolulu County; Hawaii,median_income,147188,45910,8218211.143735832,82079.50039958014,243,0.009987514188187245,0.9987514188187244,82079.50039958014,243,0.9987514188187244
15003008009,Census Tract 80.09; Honolulu County; Hawaii,median_income,61994,9196,10594236.97805729,171450.19817944054,138,0.016183345580672494,1.6183345580672495,121407.1399525399,136,1.145973421247774
15003006810,Census Tract 68.10; Honolulu County; Hawaii,median_income,79851,8751,10752818.915728906,204207.47010589766,353,0.01899106380441216,1.899106380441216,204207.47010589766,353,1.899106380441216
15003008935,Census Tract 89.35; Honolulu County; Hawaii,median_income,88794,30764,7209499.070227371,64904.1878932465,201,0.009002593281588365,0.9002593281588365,64904.1878932465,201,0.9002593281588365
15003008417,Census Tract 84.17; Honolulu County; Hawaii,median_income,90283,10300,4376140.741472741,45794.951136513206,143,0.0104646888301635,1.04646888301635,45794.951136513206,143,1.04646888301635
15003004402,Census Tract 44.02; Honolulu County; Hawaii,median_income,165500,30412,34985844.37362862,85614.49428871549,280,0.002447118136535512,0.24471181365355119,85614.49428871549,280,0.24471181365355119
15003004401,Census Tract 44.01; Honolulu County; Hawaii,median_income,110417,23522,5277198.142991196,75422.26163794415,252,0.014292103421986285,1.4292103421986284,75422.26163794415,252,1.4292103421986284
15003010601,Census Tract 106.01; Honolulu County; Hawaii,median_income,105719,11042,12943875.932517653,144094.7166907426,320,0.011132269610893544,1.1132269610893544,123269.60344548125,318,0.952339191816594
15003003102,Census Tract 31.02; Honolulu County; Hawaii,median_income,139219,60075,41821999.80076059,142993.88081967508,481,0.003419106726146427,0.3419106726146427,142993.88081967508,481,0.3419106726146427
15003003404,Census Tract 34.04; Honolulu County; Hawaii,median_income,69569,17131,2808528.4643953117,28719.324700724836,62,0.010225755253973625,1.0225755253973625,28719.324700724836,62,1.0225755253973625
15003010508,Census Tract 105.08; Honolulu County; Hawaii,median_income,160395,72617,10337809.971248204,62097.661887195565,188,0.0060068488451522385,0.6006848845152238,62097.661887195565,188,0.6006848845152238
15003000301,Census Tract 3.01; Honolulu County; Hawaii,median_income,175673,56023,92504088.25446568,187746.5821145693,651,0.002029603076548411,0.20296030765484108,187746.5821145693,651,0.20296030765484108
15003010310,Census Tract 103.10; Honolulu County; Hawaii,median_income,135938,10676,35021605.31398232,74694.20755258354,210,0.0021328036474319466,0.21328036474319464,74694.20755258354,210,0.21328036474319464
15003010103,Census Tract 101.03; Honolulu County; Hawaii,median_income,74083,11220,556479775.7638546,182167.93325419858,80,3.273576887931729e-4,0.03273576887931729,59149.158270179185,70,0.010629165846860796
15003940005,Census Tract 9400.05; Honolulu County; Hawaii,median_income,157644,31701,165294368.39931437,114613.64748400265,253,6.933911215119054e-4,0.06933911215119054,99203.17089338558,251,0.06001606216476343
15003001906,Census Tract 19.06; Honolulu County; Hawaii,median_income,76479,18381,1012253.44815286,4245.334817696509,2,0.004193944535771463,0.4193944535771463,4245.334817696509,2,0.4193944535771463
15003008939,Census Tract 89.39; Honolulu County; Hawaii,median_income,84438,15417,14083109.567047292,17232.33096929109,21,0.0012236169069942183,0.12236169069942184,14538.91317841391,20,0.1032365267712831
15003007001,Census Tract 70.01; Honolulu County; Hawaii,median_income,73542,13394,14718699.627805589,320156.73393723054,220,0.02175169967681192,2.175169967681192,161222.97180281917,219,1.0953615188820585
15003004302,Census Tract 43.02; Honolulu County; Hawaii,median_income,67311,11615,4187431.7397649866,44173.75947492856,84,0.010549129447399124,1.0549129447399124,44173.75947492856,84,1.0549129447399124
15003008948,Census Tract 89.48; Honolulu County; Hawaii,median_income,110417,24232,6687477.091663914,72831.63793375052,186,0.01089074952115152,1.089074952115152,72831.63793375052,186,1.089074952115152
15003008936,Census Tract 89.36; Honolulu County; Hawaii,median_income,112228,18677,8649445.746285642,151243.52707671348,447,0.017485921238555944,1.7485921238555944,151243.52707671348,447,1.7485921238555944
15003010903,Census Tract 109.03; Honolulu County; Hawaii,median_income,130943,15114,8824255.391419128,124240.72504644966,405,0.014079457080000617,1.4079457080000617,124240.72504644966,405,1.4079457080000617
15003010507,Census Tract 105.07; Honolulu County; Hawaii,median_income,116641,12425,13713581.54762791,208877.8959813623,309,0.01523146198211748,1.523146198211748,176642.6439657169,306,1.2880854162877053
15003008933,Census Tract 89.33; Honolulu County; Hawaii,median_income,145543,46752,43619715.792978,2394616.379284151,1052,0.05489756949928687,5.489756949928687,1450109.708415621,984,3.3244363977471463
15003006203,Census Tract 62.03; Honolulu County; Hawaii,median_income,90369,12902,5354726.147326593,74991.82505733876,133,0.014004791840714258,1.4004791840714257,74991.82505733876,133,1.4004791840714257
15003009804,Census Tract 98.04; Honolulu County; Hawaii,median_income,79375,30846,19891354.170063697,283462.10662581754,299,0.014250518300680875,1.4250518300680874,112048.92521054769,292,0.563304661173749
15003981801,Census Tract 9818.01; Honolulu County; Hawaii,median_income,82143,9081,9641712.296172235,195773.3606214008,464,0.0203048332710698,2.03048332710698,182092.16627245632,463,1.888587428031295
15003002101,Census Tract 21.01; Honolulu County; Hawaii,median_income,56016,15558,8351287.655648313,17364.300662004418,15,0.0020792363259407357,0.20792363259407357,9840.995486030559,14,0.1178380615278495
15003003104,Census Tract 31.04; Honolulu County; Hawaii,median_income,204375,56457,9473880.226495054,85901.5383148167,289,0.0090671969943826,0.90671969943826,85901.5383148167,289,0.90671969943826
15003008011,Census Tract 80.11; Honolulu County; Hawaii,median_income,132167,35893,16763496.423381636,182679.51598340776,439,0.01089745906042652,1.089745906042652,166612.04807878681,437,0.9938979546438607
15003003703,Census Tract 37.03; Honolulu County; Hawaii,median_income,103023,32769,20075321.01653982,342232.8746046717,81,0.01704744219645156,1.7047442196451559,141074.3477238914,72,0.7027252396495275
15003000903,Census Tract 9.03; Honolulu County; Hawaii,median_income,133906,28958,6530347.429073173,87710.71132490848,323,0.013431247307673021,1.3431247307673022,87710.71132490848,323,1.3431247307673022
15003004900,Census Tract 49; Honolulu County; Hawaii,median_income,81361,10457,4393893.057651193,83957.19326248641,180,0.019107700656548685,1.9107700656548685,83957.19326248641,180,1.9107700656548685
15003000402,Census Tract 4.02; Honolulu County; Hawaii,median_income,239063,75917,32325676.320221644,330264.2226185438,1013,0.010216776884941577,1.0216776884941576,330264.2226185438,1013,1.0216776884941576
15003007400,Census Tract 74; Honolulu County; Hawaii,median_income,107893,28486,134089083.00244787,490955.21298581373,517,0.0036614107725447794,0.3661410772544779,359524.1324796257,507,0.2681233433993
15003002600,Census Tract 26; Honolulu County; Hawaii,median_income,53909,8934,7105919.764425682,118298.80734685472,144,0.016647923318680466,1.6647923318680466,100503.7847885984,142,1.414367008360407
15003004000,Census Tract 40; Honolulu County; Hawaii,median_income,84185,19693,3203722.6155787073,12012.493989608742,8,0.0037495424638811477,0.37495424638811475,12012.493989608742,8,0.37495424638811475
15003002701,Census Tract 27.01; Honolulu County; Hawaii,median_income,85899,10356,16286838.211469024,320679.9953238842,199,0.01968951807343826,1.968951807343826,127242.23242433577,190,0.7812580365336539
15003001804,Census Tract 18.04; Honolulu County; Hawaii,median_income,78444,5641,1558437.6521323593,12402.668207457013,5,0.00795839871456317,0.795839871456317,12402.668207457013,5,0.795839871456317
15003001102,Census Tract 11.02; Honolulu County; Hawaii,median_income,79321,49553,5278143.900553248,42539.04420018015,138,0.008059470336858618,0.8059470336858618,42539.04420018015,138,0.8059470336858618
15003003606,Census Tract 36.06; Honolulu County; Hawaii,median_income,120670,23555,2420453.9016543957,49631.21863392344,39,0.020504922072674132,2.050492207267413,32631.200157043044,38,1.3481438392501262
15003007812,Census Tract 78.12; Honolulu County; Hawaii,median_income,106536,9008,8014736.396796246,33728.73091301903,55,0.004208339394231545,0.4208339394231545,24350.99456676069,54,0.3038277662693259
15003000115,Census Tract 1.15; Honolulu County; Hawaii,median_income,108808,16118,33377516.837005317,101554.01280820896,291,0.0030425874190741792,0.3042587419074179,93733.07083822972,290,0.28082697492435627
15003009902,Census Tract 99.02; Honolulu County; Hawaii,median_income,86125,23441,47943332.72169807,14149.237601976032,12,2.951241976462018e-4,0.029512419764620178,14149.237601976032,12,0.029512419764620178
15003001901,Census Tract 19.01; Honolulu County; Hawaii,median_income,114167,61065,12549374.093124425,32142.02408538668,16,0.0025612451941325674,0.25612451941325676,21893.69446345953,15,0.17446044958891369
15003007100,Census Tract 71; Honolulu County; Hawaii,median_income,127759,10998,13353483.777580183,107715.58947221407,285,0.008066478476056042,0.8066478476056042,107715.58947221407,285,0.8066478476056042
15003002801,Census Tract 28.01; Honolulu County; Hawaii,median_income,131875,30992,6696602.88675536,110333.06446188458,186,0.01647597540539591,1.647597540539591,82828.61243519433,184,1.2368750818271452
15003000107,Census Tract 1.07; Honolulu County; Hawaii,median_income,157260,14691,32485840.721517425,141210.13710579553,445,0.00434682107556672,0.434682107556672,141210.13710579553,445,0.434682107556672
15003008624,Census Tract 86.24; Honolulu County; Hawaii,median_income,134545,39383,10070205.265828634,47943.7957125929,228,0.0047609551590056705,0.47609551590056703,47943.7957125929,228,0.47609551590056703
15003006704,Census Tract 67.04; Honolulu County; Hawaii,median_income,81760,8745,196561982.78900895,330864.4637904448,911,0.001683257663032414,0.1683257663032414,310505.4365717941,910,0.15796820532945727
